NAME,LAT,LON,CITY
Landmark 81,10.7950,106.7218,TP.HCM
Bitexco Financial Tower,10.7716,106.7044,TP.HCM
Cho Ben Thanh,10.7725,106.6980,TP.HCM
Nha Tho Duc Ba,10.7798,106.6990,TP.HCM
Dai hoc Cong nghe Thong tin (UIT),10.8700,106.8030,TP.HCM
Dinh Doc Lap,10.7770,106.6953,TP.HCM
Ho Hoan Kiem,21.0285,105.8542,Ha Noi
Van Mieu Quoc Tu Giam,21.0293,105.8360,Ha Noi
Chua Mot Cot,21.0358,105.8336,Ha Noi
Cau Rong,16.0611,108.2272,Da Nang
Bana Hills,15.9989,107.9877,Da Nang
Chua Cau Hoi An,15.8771,108.3261,Quang Nam
Vinh Ha Long,20.9101,107.1839,Quang Ninh
Thap Ba Ponagar,12.2654,109.1959,Nha Trang
Dalat Market,11.9416,108.4375,Lam Dong
